ward,wardcode,rat2,rat2p,rat1,rat1p,rat0,rat0p,rat-1,rat-1p,rat-2,rat-2p
Astley Bridge,E05000650,"1,935",32.5,"2,410",40.4,"1,460",24.5,137,2.3,21,0.4
Bradshaw,E05000651,"2,151",43.4,"1,848",37.3,841,17.0,105,2.1,6,0.1
Breightmet,E05000652,"1,574",26.2,"2,186",36.4,"1,969",32.8,249,4.1,34,0.6
Bromley Cross,E05000653,"2,657",44.6,"2,303",38.6,939,15.7,58,1.0,7,0.1
Crompton (Bolton),E05000654,"1,102",16.3,"2,615",38.7,"2,388",35.4,492,7.3,152,2.3
Farnworth (Bolton),E05000655,"1,340",20.1,"2,495",37.3,"2,391",35.8,376,5.6,79,1.2
Great Lever,E05000656,847,14.7,"1,720",29.8,"2,296",39.8,609,10.6,294,5.1
Halliwell,E05000657,698,11.3,"1,829",29.6,"2,894",46.8,547,8.9,211,3.4
Harper Green,E05000658,"1,406",25.9,"1,764",32.4,"1,716",31.6,378,7.0,173,3.2
Heaton and Lostock,E05000659,"2,988",55.4,"1,595",29.6,676,12.5,105,1.9,32,0.6
Horwich North East,E05000661,"2,321",40.8,"2,085",36.6,"1,182",20.8,95,1.7,9,0.2
Horwich and Blackrod,E05000660,"2,313",35.8,"2,687",41.6,"1,346",20.8,114,1.8,6,0.1
Hulton,E05000662,"1,730",29.4,"2,176",37.0,"1,641",27.9,269,4.6,64,1.1
Kearsley,E05000663,"1,882",28.6,"2,622",39.9,"1,857",28.2,198,3.0,17,0.3
Little Lever and Darcy Lever,E05000664,"1,863",33.3,"2,269",40.5,"1,327",23.7,128,2.3,15,0.3
Rumworth,E05000665,784,13.5,"1,842",31.6,"2,202",37.8,758,13.0,236,4.1
Smithills,E05000666,"1,982",32.9,"2,253",37.4,"1,487",24.7,255,4.2,49,0.8
Tonge with the Haulgh,E05000667,"1,333",22.8,"2,167",37.1,"2,026",34.7,254,4.4,59,1.0
Westhoughton North and Chew Moor,E05000668,"2,518",40.6,"2,404",38.8,"1,170",18.9,97,1.6,6,0.1
Westhoughton South,E05000669,"2,103",37.6,"2,171",38.8,"1,205",21.5,106,1.9,15,0.3
Besses,E05014152,"1,592",34.4,"1,658",35.8,"1,210",26.1,153,3.3,17,0.4
Bury East,E05014153,796,15.3,"1,894",36.4,"1,969",37.8,424,8.1,125,2.4
Bury West,E05014154,"2,092",45.1,"1,502",32.3,944,20.3,88,1.9,17,0.4
Elton,E05014155,"1,764",36.1,"1,889",38.6,"1,083",22.1,145,3.0,12,0.2
Holyrood,E05014156,"2,047",43.0,"1,635",34.4,939,19.7,114,2.4,23,0.5
Moorside (Bury),E05014157,"1,120",22.6,"1,751",35.4,"1,748",35.3,266,5.4,66,1.3
North Manor,E05014158,"2,151",51.0,"1,467",34.8,550,13.1,38,0.9,8,0.2
Pilkington Park,E05014159,"2,018",47.8,"1,565",37.1,571,13.5,56,1.3,9,0.2
Radcliffe East,E05014160,"1,281",26.3,"1,968",40.5,"1,416",29.1,178,3.7,21,0.4
Radcliffe North & Ainsworth,E05014161,"1,874",35.1,"1,905",35.7,"1,427",26.7,125,2.3,10,0.2
Radcliffe West,E05014162,"1,338",26.8,"1,894",37.9,"1,549",31.0,186,3.7,28,0.6
Ramsbottom,E05014163,"1,853",36.4,"2,067",40.6,"1,084",21.3,85,1.7,5,0.1
Redvales,E05014164,"1,123",24.6,"1,609",35.3,"1,514",33.2,246,5.4,71,1.6
Sedgley (Bury),E05014165,"1,627",36.7,"1,314",29.7,"1,213",27.4,222,5.0,52,1.2
St. Mary's (Bury),E05014166,"1,806",36.8,"1,727",35.2,"1,231",25.1,127,2.6,13,0.3
Tottington,E05014167,"1,712",40.5,"1,748",41.3,716,16.9,50,1.2,6,0.1
Unsworth,E05014168,"1,979",41.6,"1,581",33.2,"1,100",23.1,78,1.6,17,0.4
Cherryfield,E05010935,"1,588",34.4,"1,708",37.0,"1,150",24.9,156,3.4,20,0.4
Halewood North,E05010936,"1,812",41.1,"1,568",35.6,937,21.3,84,1.9,7,0.2
Halewood South,E05010937,"1,835",41.0,"1,471",32.9,"1,070",23.9,85,1.9,14,0.3
Northwood (Knowsley),E05010938,"1,431",28.4,"1,850",36.7,"1,551",30.8,189,3.7,21,0.4
Page Moss,E05010939,"1,808",36.2,"1,788",35.8,"1,225",24.5,155,3.1,22,0.4
Prescot North,E05010940,"1,701",34.8,"1,961",40.1,"1,132",23.1,91,1.9,7,0.1
Prescot South,E05010941,"1,661",39.2,"1,651",39.0,813,19.2,101,2.4,12,0.3
Roby,E05010942,"2,142",54.7,"1,227",31.3,501,12.8,44,1.1,4,0.1
Shevington,E05010943,"1,735",38.2,"1,752",38.5,909,20.0,134,2.9,16,0.4
St Gabriels,E05010944,"1,549",37.4,"1,488",35.9,991,23.9,107,2.6,12,0.3
St Michaels (Knowsley),E05010945,"1,445",36.1,"1,315",32.9,"1,099",27.5,128,3.2,13,0.3
Stockbridge,E05010946,"1,334",28.4,"1,904",40.5,"1,303",27.7,144,3.1,11,0.2
Swanside,E05010947,"1,904",49.3,"1,330",34.4,562,14.5,62,1.6,6,0.2
Whiston and Cronton,E05010948,"1,396",35.6,"1,473",37.5,933,23.8,108,2.8,15,0.4
Whitefield,E05010949,"1,485",34.5,"1,553",36.1,"1,141",26.5,110,2.6,10,0.2
Allerton and Hunts Cross,E05000886,"3,213",49.9,"2,145",33.3,963,15.0,100,1.6,16,0.2
Anfield,E05000887,"1,952",30.1,"2,402",37.1,"1,854",28.6,239,3.7,36,0.6
Belle Vale (Liverpool),E05000888,"2,433",35.4,"2,561",37.2,"1,673",24.3,189,2.7,22,0.3
Central (Liverpool),E05000889,878,12.2,"2,430",33.7,"3,594",49.9,265,3.7,38,0.5
Childwall,E05000890,"2,722",52.6,"1,654",32.0,732,14.2,53,1.0,9,0.2
Church (Liverpool),E05000891,"3,099",54.7,"1,785",31.5,708,12.5,59,1.0,13,0.2
Clubmoor,E05000892,"2,495",37.5,"2,285",34.4,"1,613",24.3,219,3.3,34,0.5
County,E05000893,"1,649",26.0,"2,688",42.3,"1,778",28.0,207,3.3,28,0.4
Cressington,E05000894,"2,955",46.0,"2,025",31.5,"1,311",20.4,117,1.8,12,0.2
Croxteth,E05000895,"2,030",33.9,"2,435",40.6,"1,333",22.2,170,2.8,24,0.4
Everton (Liverpool),E05000896,"1,640",21.0,"2,902",37.1,"2,916",37.3,320,4.1,43,0.5
Fazakerley,E05000897,"2,558",37.3,"2,616",38.2,"1,509",22.0,147,2.1,21,0.3
Greenbank,E05000898,"1,748",30.9,"1,894",33.5,"1,841",32.5,155,2.7,23,0.4
Kensington and Fairfield,E05000899,"1,608",22.6,"2,418",34.0,"2,579",36.2,421,5.9,89,1.3
Kirkdale,E05000900,"1,751",20.4,"3,496",40.6,"3,016",35.1,290,3.4,50,0.6
Knotty Ash,E05000901,"2,547",41.4,"2,056",33.4,"1,367",22.2,135,2.2,45,0.7
Mossley Hill,E05000902,"2,426",45.8,"1,883",35.5,920,17.4,53,1.0,16,0.3
Norris Green,E05000903,"2,444",31.0,"2,822",35.8,"2,262",28.7,301,3.8,51,0.6
Old Swan,E05000904,"2,222",31.3,"2,750",38.8,"1,870",26.4,225,3.2,29,0.4
Picton,E05000905,"1,528",20.5,"2,718",36.6,"2,636",35.4,445,6.0,109,1.5
Princes Park (Liverpool),E05000906,"1,006",12.2,"2,598",31.5,"4,003",48.5,512,6.2,128,1.6
Riverside (Liverpool),E05000907,"1,456",12.7,"4,551",39.8,"4,978",43.6,381,3.3,56,0.5
Speke-Garston,E05000909,"2,729",29.2,"3,435",36.7,"2,819",30.2,325,3.5,39,0.4
St Michael's (Liverpool),E05000908,"1,820",29.0,"2,210",35.2,"2,136",34.0,101,1.6,14,0.2
Tuebrook and Stoneycroft,E05000910,"2,277",32.4,"2,419",34.4,"2,033",28.9,257,3.7,51,0.7
Warbreck (Liverpool),E05000911,"2,542",38.9,"2,306",35.3,"1,535",23.5,130,2.0,19,0.3
Wavertree,E05000912,"2,502",39.7,"2,312",36.7,"1,350",21.4,126,2.0,13,0.2
West Derby,E05000913,"2,781",46.6,"1,997",33.5,"1,081",18.1,81,1.4,22,0.4
Woolton,E05000914,"2,929",47.6,"2,052",33.4,"1,106",18.0,50,0.8,11,0.2
Yew Tree,E05000915,"2,399",33.9,"2,730",38.6,"1,715",24.3,194,2.7,33,0.5
Ancoats & Beswick,E05011350,696,9.3,"2,657",35.6,"3,804",51.0,277,3.7,32,0.4
Ardwick,E05011351,"1,028",15.3,"1,805",26.8,"3,116",46.2,627,9.3,162,2.4
Baguley,E05011352,"1,682",24.9,"2,582",38.3,"2,135",31.7,278,4.1,67,1.0
Brooklands (Manchester),E05011353,"2,046",30.1,"2,584",38.0,"1,871",27.5,267,3.9,27,0.4
Burnage,E05011354,"1,935",29.7,"2,059",31.6,"1,960",30.1,465,7.1,103,1.6
Charlestown,E05011355,"1,906",27.1,"2,419",34.4,"2,261",32.2,380,5.4,64,0.9
Cheetham,E05011356,726,10.4,"2,041",29.4,"3,069",44.1,845,12.2,272,3.9
Chorlton,E05011357,"1,977",34.8,"1,940",34.2,"1,627",28.6,103,1.8,33,0.6
Chorlton Park,E05011358,"2,433",34.3,"2,292",32.3,"2,004",28.2,286,4.0,87,1.2
Clayton & Openshaw,E05011359,"1,385",18.0,"2,490",32.3,"3,100",40.2,617,8.0,118,1.5
Crumpsall,E05011360,"1,127",18.7,"1,712",28.4,"2,380",39.5,608,10.1,195,3.2
Deansgate,E05011361,118,1.9,"2,622",41.8,"3,384",53.9,144,2.3,11,0.2
Didsbury East,E05011362,"2,559",41.1,"2,205",35.4,"1,317",21.1,126,2.0,20,0.3
Didsbury West,E05011363,"2,065",27.8,"2,512",33.8,"2,747",37.0,95,1.3,13,0.2
Fallowfield,E05011364,952,22.1,"1,371",31.8,"1,587",36.8,295,6.8,108,2.5
Gorton & Abbey Hey,E05011365,"1,502",18.0,"2,813",33.7,"3,189",38.2,709,8.5,140,1.7
Harpurhey,E05011366,"1,287",16.3,"2,497",31.6,"3,263",41.3,708,9.0,139,1.8
Higher Blackley,E05011367,"1,568",24.5,"2,335",36.5,"2,047",32.0,383,6.0,63,1.0
Hulme,E05011368,682,8.7,"2,966",37.6,"3,769",47.8,400,5.1,62,0.8
Levenshulme,E05011369,"1,333",18.4,"2,391",33.1,"2,527",34.9,775,10.7,208,2.9
Longsight,E05011370,"1,002",15.5,"1,765",27.3,"2,511",38.8,890,13.7,306,4.7
Miles Platting & Newton Heath,E05011371,"1,706",21.0,"2,733",33.6,"3,026",37.2,553,6.8,110,1.4
Moss Side (Manchester),E05011372,"1,043",14.4,"2,094",28.8,"2,949",40.6,875,12.0,306,4.2
Moston,E05011373,"2,123",28.5,"2,537",34.0,"2,273",30.5,447,6.0,77,1.0
Northenden,E05011374,"1,933",31.8,"2,170",35.7,"1,689",27.8,227,3.7,52,0.9
Old Moat,E05011375,"1,437",25.0,"1,754",30.5,"2,207",38.3,282,4.9,77,1.3
Piccadilly,E05011376,146,2.3,"2,008",32.1,"3,938",62.9,162,2.6,8,0.1
Rusholme,E05011377,871,18.2,"1,144",23.9,"2,093",43.7,492,10.3,187,3.9
Sharston,E05011378,"1,779",25.0,"2,932",41.3,"2,026",28.5,322,4.5,45,0.6
Whalley Range,E05011379,"1,396",21.1,"1,892",28.6,"2,773",41.9,421,6.4,138,2.1
Withington,E05011380,"1,451",26.2,"1,649",29.8,"2,137",38.6,239,4.3,61,1.1
Woodhouse Park,E05011381,"1,445",22.2,"2,510",38.6,"2,176",33.5,309,4.8,56,0.9
Alexandra (Oldham),E05000719,669,13.9,"1,485",31.0,"1,926",40.2,523,10.9,194,4.0
Chadderton Central,E05000720,"1,465",32.3,"1,636",36.1,"1,221",26.9,183,4.0,32,0.7
Chadderton North,E05000721,"1,360",30.2,"1,663",36.9,"1,182",26.3,239,5.3,58,1.3
Chadderton South,E05000722,"1,341",27.6,"1,866",38.5,"1,390",28.6,218,4.5,37,0.8
Coldhurst,E05000723,472,10.9,"1,058",24.5,"1,888",43.7,607,14.0,297,6.9
Crompton (Oldham),E05000724,"1,629",35.5,"1,876",40.9,977,21.3,100,2.2,9,0.2
Failsworth East,E05000725,"1,292",27.5,"1,981",42.1,"1,287",27.4,127,2.7,15,0.3
Failsworth West,E05000726,"1,339",28.0,"1,897",39.6,"1,353",28.3,180,3.8,20,0.4
Hollinwood,E05000727,867,18.1,"1,814",37.8,"1,725",35.9,344,7.2,50,1.0
Medlock Vale,E05000728,868,17.3,"1,732",34.6,"1,774",35.4,471,9.4,166,3.3
Royton North,E05000729,"1,673",37.6,"1,584",35.6,"1,082",24.3,91,2.0,15,0.3
Royton South,E05000730,"1,451",30.1,"2,029",42.0,"1,232",25.5,98,2.0,17,0.4
Saddleworth North,E05000731,"1,983",46.6,"1,494",35.1,716,16.8,59,1.4,5,0.1
Saddleworth South,E05000732,"2,026",45.7,"1,573",35.5,789,17.8,41,0.9,2,0.0
Saddleworth West and Lees,E05000733,"1,642",33.7,"2,057",42.2,"1,073",22.0,94,1.9,10,0.2
Shaw (Oldham),E05000736,"1,279",28.4,"1,766",39.2,"1,315",29.2,127,2.8,18,0.4
St James' (Oldham),E05000734,"1,220",25.0,"1,884",38.6,"1,516",31.0,240,4.9,27,0.6
St Mary's (Oldham),E05000735,626,13.3,"1,388",29.5,"1,712",36.4,681,14.5,298,6.3
Waterhead,E05000737,"1,074",20.7,"1,872",36.1,"1,745",33.7,371,7.2,121,2.3
Werneth,E05000738,661,16.0,"1,207",29.3,"1,443",35.0,580,14.1,232,5.6
Balderstone & Kirkholt,E05014033,"1,067",23.5,"1,508",33.2,"1,622",35.8,292,6.4,48,1.1
Bamford,E05014034,"1,921",45.5,"1,390",33.0,769,18.2,112,2.7,26,0.6
Castleton,E05014035,"1,312",29.9,"1,590",36.3,"1,308",29.8,137,3.1,37,0.8
Central Rochdale,E05014036,564,13.2,"1,354",31.8,"1,669",39.2,482,11.3,189,4.4
East Middleton,E05014037,"1,316",26.6,"1,892",38.2,"1,549",31.3,171,3.5,21,0.4
Healey,E05014038,"1,540",36.6,"1,581",37.5,937,22.2,129,3.1,26,0.6
Hopwood Hall,E05014039,"1,567",34.0,"1,541",33.4,"1,324",28.7,162,3.5,17,0.4
Kingsway (Rochdale),E05014040,996,24.2,"1,314",31.9,"1,369",33.2,335,8.1,104,2.5
Littleborough Lakeside,E05014041,"1,664",39.1,"1,637",38.4,889,20.9,66,1.5,3,0.1
Milkstone & Deeplish,E05014042,524,14.1,"1,029",27.7,"1,464",39.3,498,13.4,206,5.5
Milnrow & Newhey,E05014043,"1,690",35.8,"1,903",40.3,"1,042",22.1,76,1.6,9,0.2
Norden (Rochdale),E05014044,"2,008",49.6,"1,484",36.7,494,12.2,56,1.4,7,0.2
North Heywood,E05014045,"1,178",23.0,"1,886",36.9,"1,819",35.6,209,4.1,24,0.5
North Middleton,E05014046,"1,453",28.2,"1,941",37.7,"1,519",29.5,211,4.1,20,0.4
Smallbridge & Firgrove,E05014047,941,20.0,"1,534",32.6,"1,836",39.0,336,7.1,64,1.4
South Middleton,E05014048,"1,948",41.3,"1,587",33.6,"1,036",22.0,130,2.8,16,0.3
Spotland & Falinge,E05014049,"1,021",21.2,"1,553",32.3,"1,849",38.4,297,6.2,89,1.9
"Wardle, Shore & West Littleborough",E05014050,"1,865",43.4,"1,596",37.1,772,17.9,56,1.3,12,0.3
West Heywood,E05014051,"1,336",26.1,"1,970",38.5,"1,609",31.4,188,3.7,18,0.4
West Middleton,E05014052,"1,178",27.6,"1,654",38.8,"1,216",28.5,183,4.3,34,0.8
Barton & Winton,E05013018,"1,703",23.9,"2,641",37.1,"2,449",34.4,289,4.1,44,0.6
Blackfriars & Trinity,E05013019,318,5.4,"2,118",36.0,"3,258",55.4,180,3.1,12,0.2
Boothstown & Ellenbrook,E05013020,"2,777",53.7,"1,737",33.6,597,11.5,50,1.0,8,0.2
Broughton (Salford),E05013021,"1,049",16.8,"1,865",30.0,"2,645",42.5,574,9.2,94,1.5
Cadishead & Lower Irlam,E05013022,"1,864",35.7,"1,895",36.2,"1,318",25.2,130,2.5,21,0.4
Claremont (Salford),E05013023,"2,165",39.2,"1,841",33.4,"1,339",24.3,146,2.6,29,0.5
Eccles,E05013024,"2,008",29.7,"2,321",34.4,"2,179",32.3,199,2.9,48,0.7
Higher Irlam & Peel Green,E05013025,"1,834",31.2,"2,158",36.7,"1,648",28.0,211,3.6,27,0.5
Kersal & Broughton Park,E05013026,"1,484",28.0,"1,631",30.7,"1,765",33.3,312,5.9,113,2.1
Little Hulton,E05013027,"1,216",21.3,"1,866",32.6,"2,236",39.1,363,6.3,40,0.7
Ordsall,E05013028,443,9.0,"1,764",35.7,"2,438",49.3,264,5.3,34,0.7
Pendlebury & Clifton,E05013029,"1,446",25.1,"2,223",38.5,"1,835",31.8,241,4.2,24,0.4
Pendleton & Charlestown,E05013030,868,13.4,"2,398",37.2,"2,740",42.5,366,5.7,82,1.3
Quays,E05013031,168,3.3,"1,826",35.5,"2,973",57.9,155,3.0,16,0.3
Swinton & Wardley,E05013032,"1,585",28.7,"2,263",41.0,"1,472",26.7,171,3.1,23,0.4
Swinton Park,E05013033,"2,050",38.1,"1,971",36.7,"1,173",21.8,160,3.0,20,0.4
Walkden North,E05013034,"1,625",27.2,"2,208",36.9,"1,902",31.8,230,3.8,15,0.3
Walkden South,E05013035,"2,066",40.1,"1,992",38.6,997,19.3,93,1.8,9,0.2
Weaste & Seedley,E05013036,"1,452",20.4,"2,777",39.0,"2,510",35.2,333,4.7,52,0.7
Worsley & Westwood Park,E05013037,"2,262",46.7,"1,489",30.7,954,19.7,120,2.5,23,0.5
Ainsdale,E05000932,"2,861",51.9,"1,649",29.9,916,16.6,78,1.4,11,0.2
Birkdale,E05000933,"2,496",45.8,"1,887",34.7,982,18.0,70,1.3,9,0.2
Blundellsands,E05000934,"2,440",48.9,"1,731",34.7,760,15.2,56,1.1,4,0.1
Cambridge,E05000935,"1,774",27.8,"2,335",36.6,"2,119",33.2,140,2.2,10,0.2
Church (Sefton),E05000936,"1,851",32.2,"1,993",34.7,"1,781",31.0,92,1.6,26,0.5
Derby (Sefton),E05000937,"1,787",31.3,"2,023",35.4,"1,679",29.4,194,3.4,30,0.5
Duke's,E05000938,"1,900",26.1,"2,401",33.0,"2,706",37.2,211,2.9,58,0.8
Ford,E05000939,"1,851",33.1,"1,977",35.3,"1,581",28.3,128,2.3,56,1.0
Harington,E05000940,"3,157",65.2,"1,196",24.7,444,9.2,38,0.8,6,0.1
Kew (Sefton),E05000941,"2,119",36.2,"2,153",36.8,"1,418",24.2,135,2.3,30,0.5
Linacre (Sefton),E05000942,"1,363",21.1,"2,496",38.6,"2,312",35.8,240,3.7,48,0.7
Litherland,E05000943,"1,865",34.5,"2,124",39.3,"1,297",24.0,111,2.1,14,0.3
Manor (Sefton),E05000944,"2,679",49.8,"1,683",31.3,939,17.5,63,1.2,15,0.3
Meols,E05000945,"2,487",47.0,"2,000",37.8,745,14.1,51,1.0,8,0.2
Molyneux,E05000946,"2,490",48.4,"1,795",34.9,794,15.4,63,1.2,7,0.1
Netherton and Orrell,E05000947,"2,218",41.7,"1,804",33.9,"1,185",22.3,99,1.9,14,0.3
Norwood,E05000948,"2,213",36.4,"2,319",38.1,"1,370",22.5,163,2.7,21,0.3
Park (Sefton),E05000949,"2,497",49.0,"1,750",34.4,778,15.3,59,1.2,7,0.1
Ravenmeols,E05000950,"2,686",50.9,"1,831",34.7,700,13.3,45,0.9,11,0.2
St Oswald (Sefton),E05000951,"1,797",35.2,"1,914",37.5,"1,250",24.5,128,2.5,15,0.3
Sudell,E05000952,"2,803",49.8,"1,935",34.4,827,14.7,62,1.1,6,0.1
Victoria (Sefton),E05000953,"2,768",50.1,"1,823",33.0,867,15.7,58,1.0,8,0.1
Billinge & Seneley Green,E05014120,"2,257",49.0,"1,585",34.4,697,15.1,61,1.3,5,0.1
Blackbrook (St. Helens),E05014121,"1,915",42.1,"1,625",35.7,909,20.0,96,2.1,8,0.2
Bold & Lea Green,E05014122,"2,105",42.4,"1,707",34.4,"1,017",20.5,119,2.4,14,0.3
Eccleston,E05014123,"2,510",55.9,"1,354",30.1,574,12.8,47,1.0,7,0.2
Haydock,E05014124,"1,889",39.2,"1,865",38.7,979,20.3,86,1.8,6,0.1
Moss Bank,E05014125,"1,888",39.0,"1,796",37.1,"1,070",22.1,79,1.6,11,0.2
Newton-le-Willows East,E05014126,"2,193",40.3,"2,118",39.0,"1,025",18.9,92,1.7,8,0.1
Newton-le-Willows West,E05014127,"1,856",32.4,"2,255",39.3,"1,483",25.9,122,2.1,18,0.3
Parr,E05014128,"1,324",24.2,"2,238",41.0,"1,657",30.3,222,4.1,23,0.4
Peasley Cross & Fingerpost,E05014129,337,22.5,671,44.8,431,28.8,55,3.7,4,0.3
Rainford,E05014130,"1,781",50.9,"1,223",34.9,457,13.0,37,1.1,4,0.1
Rainhill,E05014131,"2,411",48.6,"1,714",34.5,765,15.4,72,1.5,2,0.0
St Helens Town Centre,E05014132,679,16.6,"1,746",42.8,"1,547",37.9,105,2.6,4,0.1
Sutton North West,E05014133,"1,273",40.7,"1,174",37.6,596,19.1,73,2.3,9,0.3
Sutton South East,E05014134,"1,054",35.6,"1,201",40.6,624,21.1,71,2.4,10,0.3
Thatto Heath,E05014135,"1,971",34.5,"2,192",38.3,"1,372",24.0,161,2.8,23,0.4
West Park (St. Helens),E05014136,"1,679",30.7,"2,418",44.2,"1,236",22.6,123,2.2,15,0.3
Windle,E05014137,"1,928",40.4,"1,722",36.1,"1,031",21.6,84,1.8,9,0.2
Bramhall North,E05000779,"3,061",57.9,"1,535",29.0,632,12.0,54,1.0,6,0.1
Bramhall South and Woodford,E05000780,"3,362",64.5,"1,403",26.9,413,7.9,31,0.6,3,0.1
Bredbury Green and Romiley,E05000782,"2,426",38.4,"2,146",34.0,"1,591",25.2,136,2.2,21,0.3
Bredbury and Woodley,E05000781,"2,180",36.2,"2,382",39.5,"1,352",22.4,96,1.6,19,0.3
Brinnington and Central,E05000783,"1,131",13.0,"2,797",32.2,"4,238",48.8,475,5.5,40,0.5
Cheadle Hulme North,E05000785,"2,408",41.1,"2,105",36.0,"1,229",21.0,98,1.7,13,0.2
Cheadle Hulme South,E05000786,"2,891",49.4,"1,789",30.6,"1,104",18.9,64,1.1,5,0.1
Cheadle and Gatley,E05000784,"2,885",45.2,"2,188",34.3,"1,160",18.2,135,2.1,15,0.2
Davenport and Cale Green,E05000787,"1,773",26.7,"2,602",39.2,"1,991",30.0,235,3.5,42,0.6
Edgeley and Cheadle Heath,E05000788,"1,605",25.2,"2,652",41.7,"1,846",29.0,226,3.6,30,0.5
Hazel Grove,E05000789,"2,552",42.1,"2,179",36.0,"1,218",20.1,101,1.7,11,0.2
Heald Green,E05000790,"2,315",46.3,"1,696",33.9,839,16.8,118,2.4,32,0.6
Heatons North,E05000791,"2,688",45.2,"1,778",29.9,"1,326",22.3,136,2.3,17,0.3
Heatons South,E05000792,"2,440",40.6,"2,158",35.9,"1,278",21.3,104,1.7,27,0.4
Manor (Stockport),E05000793,"1,788",28.7,"2,507",40.3,"1,762",28.3,150,2.4,19,0.3
Marple North,E05000794,"2,984",57.4,"1,546",29.7,615,11.8,45,0.9,7,0.1
Marple South and High Lane,E05000795,"2,395",45.1,"1,862",35.1,969,18.3,68,1.3,12,0.2
Offerton,E05000796,"2,259",38.1,"1,989",33.5,"1,512",25.5,157,2.6,18,0.3
Reddish North,E05000797,"1,670",25.0,"2,598",38.9,"2,100",31.5,277,4.1,30,0.4
Reddish South,E05000798,"1,796",29.3,"2,489",40.6,"1,671",27.2,150,2.4,27,0.4
Stepping Hill,E05000799,"2,441",44.1,"2,019",36.5,"1,023",18.5,50,0.9,5,0.1
Ashton Hurst,E05000800,"1,656",34.8,"1,608",33.8,"1,256",26.4,207,4.4,30,0.6
Ashton St Michael's,E05000801,"1,188",22.4,"2,091",39.4,"1,689",31.8,299,5.6,46,0.9
Ashton Waterloo,E05000802,"1,286",26.4,"1,721",35.3,"1,597",32.8,231,4.7,35,0.7
Audenshaw,E05000803,"1,773",33.0,"2,076",38.6,"1,345",25.0,161,3.0,18,0.3
Denton North East,E05000804,"1,347",26.6,"2,109",41.6,"1,469",29.0,132,2.6,14,0.3
Denton South,E05000805,"1,440",28.1,"1,960",38.3,"1,532",29.9,164,3.2,20,0.4
Denton West,E05000806,"1,829",36.2,"2,153",42.7,974,19.3,82,1.6,8,0.2
Droylsden East,E05000807,"1,525",28.4,"2,063",38.5,"1,549",28.9,197,3.7,28,0.5
Droylsden West,E05000808,"1,642",34.2,"1,779",37.1,"1,204",25.1,147,3.1,24,0.5
Dukinfield,E05000809,"1,399",25.3,"2,019",36.5,"1,907",34.4,187,3.4,26,0.5
Dukinfield Stalybridge,E05000810,"1,488",28.8,"2,002",38.7,"1,543",29.8,123,2.4,15,0.3
Hyde Godley,E05000811,"1,414",25.9,"2,089",38.3,"1,703",31.2,206,3.8,45,0.8
Hyde Newton,E05000812,"1,881",28.8,"2,469",37.8,"1,942",29.7,207,3.2,36,0.6
Hyde Werneth,E05000813,"1,502",31.5,"1,838",38.5,"1,168",24.5,200,4.2,66,1.4
Longdendale,E05000814,"1,533",32.9,"1,822",39.1,"1,153",24.7,134,2.9,20,0.4
Mossley,E05000815,"1,360",26.3,"2,353",45.5,"1,358",26.3,86,1.7,14,0.3
St Peter's (Tameside),E05000816,844,13.6,"2,212",35.6,"2,581",41.5,451,7.3,129,2.1
Stalybridge North,E05000817,"1,680",30.3,"1,911",34.5,"1,747",31.5,180,3.2,21,0.4
Stalybridge South,E05000818,"1,998",41.9,"1,716",36.0,929,19.5,108,2.3,12,0.3
Altrincham,E05000819,"1,989",35.5,"2,154",38.4,"1,344",24.0,118,2.1,3,0.1
Ashton upon Mersey,E05000820,"1,701",39.3,"1,586",36.6,976,22.6,62,1.4,3,0.1
Bowdon,E05000821,"2,068",55.3,"1,084",29.0,527,14.1,52,1.4,7,0.2
Broadheath (Trafford),E05000822,"2,075",37.2,"2,148",38.5,"1,229",22.1,108,1.9,12,0.2
Brooklands (Trafford),E05000823,"2,016",48.0,"1,381",32.9,746,17.7,56,1.3,4,0.1
Bucklow-St Martins,E05000824,"1,254",30.0,"1,498",35.8,"1,243",29.7,164,3.9,24,0.6
Clifford,E05000825,"1,148",22.0,"1,465",28.1,"2,102",40.4,391,7.5,101,1.9
Davyhulme East,E05000826,"1,816",45.6,"1,344",33.7,762,19.1,56,1.4,6,0.2
Davyhulme West,E05000827,"1,936",47.1,"1,424",34.7,684,16.7,58,1.4,6,0.1
Flixton,E05000828,"2,009",43.6,"1,632",35.4,899,19.5,57,1.2,7,0.2
Gorse Hill (Trafford),E05000829,"1,389",27.4,"1,966",38.8,"1,463",28.9,223,4.4,24,0.5
Hale Barns,E05000830,"2,257",59.1,"1,020",26.7,485,12.7,44,1.2,11,0.3
Hale Central,E05000831,"2,178",52.1,"1,430",34.2,533,12.8,34,0.8,4,0.1
Longford (Trafford),E05000832,"1,534",29.8,"1,555",30.2,"1,747",33.9,263,5.1,50,1.0
Priory (Trafford),E05000833,"1,519",30.2,"1,892",37.6,"1,494",29.7,108,2.1,13,0.3
Sale Moor,E05000835,"1,677",38.1,"1,533",34.9,"1,065",24.2,101,2.3,21,0.5
St Mary's (Trafford),E05000834,"1,859",38.6,"1,565",32.5,"1,226",25.5,147,3.1,17,0.4
Stretford,E05000836,"1,522",32.6,"1,525",32.7,"1,435",30.7,160,3.4,27,0.6
Timperley,E05000837,"2,409",55.0,"1,462",33.4,484,11.0,26,0.6,2,0.0
Urmston,E05000838,"1,849",37.7,"1,729",35.2,"1,242",25.3,78,1.6,12,0.2
Village (Trafford),E05000839,"1,700",39.3,"1,447",33.5,"1,057",24.5,96,2.2,22,0.5
Bebington,E05000954,"3,002",45.9,"2,231",34.1,"1,230",18.8,68,1.0,5,0.1
Bidston and St James,E05000955,"1,848",26.2,"2,859",40.5,"2,141",30.3,199,2.8,18,0.3
Birkenhead and Tranmere,E05000956,"1,685",20.9,"2,995",37.2,"3,129",38.8,224,2.8,26,0.3
Bromborough,E05000957,"2,702",36.5,"2,887",39.0,"1,658",22.4,132,1.8,22,0.3
Clatterbridge,E05000958,"3,531",60.1,"1,726",29.4,571,9.7,42,0.7,5,0.1
Claughton,E05000959,"2,692",41.6,"2,194",33.9,"1,479",22.8,99,1.5,9,0.1
Eastham,E05000960,"2,933",48.8,"2,067",34.4,940,15.6,68,1.1,5,0.1
"Greasby, Frankby and Irby",E05000961,"3,260",52.7,"2,212",35.8,674,10.9,34,0.5,7,0.1
Heswall,E05000962,"3,555",61.0,"1,662",28.5,576,9.9,31,0.5,3,0.1
Hoylake and Meols,E05000963,"2,817",49.2,"1,990",34.8,861,15.0,55,1.0,3,0.1
Leasowe and Moreton East,E05000964,"2,412",36.9,"2,398",36.6,"1,591",24.3,126,1.9,16,0.2
Liscard,E05000965,"2,755",39.4,"2,535",36.3,"1,572",22.5,108,1.5,18,0.3
Moreton West and Saughall Massie,E05000966,"2,598",41.6,"2,422",38.8,"1,140",18.3,72,1.2,6,0.1
New Brighton,E05000967,"2,707",39.1,"2,371",34.3,"1,745",25.2,82,1.2,10,0.1
Oxton,E05000968,"2,884",43.3,"2,391",35.9,"1,330",20.0,57,0.9,4,0.1
Pensby and Thingwall,E05000969,"2,627",45.0,"2,261",38.7,897,15.4,49,0.8,7,0.1
Prenton,E05000970,"3,062",49.0,"2,020",32.3,"1,069",17.1,87,1.4,10,0.2
Rock Ferry,E05000971,"1,932",28.0,"2,612",37.9,"2,162",31.3,175,2.5,17,0.2
Seacombe,E05000972,"2,031",30.3,"2,487",37.1,"1,984",29.6,172,2.6,26,0.4
Upton (Wirral),E05000973,"2,572",35.5,"2,713",37.4,"1,809",24.9,144,2.0,13,0.2
Wallasey,E05000974,"3,403",54.1,"1,869",29.7,969,15.4,44,0.7,8,0.1
West Kirby and Thurstaston,E05000975,"3,045",55.3,"1,679",30.5,736,13.4,42,0.8,3,0.1